deidentifiedSpecimenName,MSIstatus,gene1_RE,gene2_RE,G1_Ch,G1_BP1,G1_Ch2,G1_BP2,G2_Ch,G2_BP1,G2_Ch2,G2_BP2,G1_ΔBP,G2_ΔBP
XRN:DNF6WD,MSS,BRAF,TRIM24,chr7,140489429,chr7,140489430,chr7,138253092,chr7,138253093,1,1
XRN:AFAEVN,MSI-H,NTRK1,TPM3,chr1,156843346,chr1,156843348,chr1,154133546,chr1,154133545,2,1
XRN:MPPMPA,MSI-H,NTRK1,TPM3,chr1,156843424,chr1,156843433,chr1,154133209,chr1,154133210,9,1
XRN:XQRHSE,MSI-H,NTRK1,TPM3,chr1,156843667,chr1,156843672,chr1,154141508,chr1,154141501,5,7
XRN:1KPTFL,MSI-H,NTRK1,TPM3,chr1,156843800,chr1,156843804,chr1,154130819,chr1,154130813,4,6
XRN:F9ARJF,MSI-H,NTRK1,TPM3,chr1,156843912,chr1,156843913,chr1,154137926,chr1,154137927,1,1
XRN:W6BMCA,MSI-H,NTRK1,TPR,chr1,156843937,chr1,156843938,chr1,186318542,chr1,186318542,1,0
XRN:S49FUX,MSI-H,NTRK1,TPM3,chr1,156843978,chr1,156843983,chr1,154132623,chr1,154132618,5,5
XRN:9JPLTH,MSI-H,NTRK1,PLEKHA6,chr1,156843988,chr1,156843989,chr1,204192698,chr1,204192696,1,2
XRN:XYCJ93,MSI-H,NTRK1,PLEKHA6,chr1,156844086,chr1,156844239,chr1,204195271,chr1,204195468,153,197
XRN:2PVSC7,MSI-H,NTRK1,TPM3,chr1,156844094,chr1,156844094,chr1,154131880,chr1,154131882,0,2
XRN:X6J96S,MSI-H,NTRK1,TPR,chr1,156844097,chr1,156844098,chr1,186318719,chr1,186318720,1,1
XRN:SLXMB3,MSI-H,NTRK1,LMNA,chr1,156844368,chr1,156844376,chr1,156105016,chr1,156104668,8,348
XRN:K19WRF,MSI-H,NTRK1,TPM1,chr1,156844540,chr1,156844541,chr15,63352149,chr15,63352146,1,3
XRN:EAY8VA,MSI-H,NTRK1,TPR,chr1,156844821,chr1,156844827,chr1,186305577,chr1,186305568,6,9
XRN:9VM7TP,MSI-H,NTRK1,TPR,chr1,156844827,chr1,156844834,chr1,186325211,chr1,186325214,7,3
XRN:VTH671,MSI-H,NTRK1,TPM3,chr1,156845065,chr1,156845079,chr1,154136221,chr1,154136219,14,2
XRN:NPCWVT,MSI-H,NTRK1,LMNA,chr1,156845528,chr1,156845321,chr1,156106261,chr1,156106719,207,458
XRN:FXUJJ4,MSI-H,FGFR2,CIT,chr10,123240126,chr10,123240127,chr12,120174907,chr12,120174917,1,10
XRN:RBK7DF,MSI-H,FGFR2,POF1B,chr10,123242156,chr10,123242166,chrX,84618206,chrX,84618219,10,13
XRN:DTP50X,MSI-H,RET,NCOA4,chr10,43610019,chr10,43602020,chr10,51586890,chr10,51595672,7999,8782
XRN:HB5TCA,MSI-H,RET,NCOA4,chr10,43610378,chr10,43610379,chr10,51587049,chr10,51587046,1,3
XRN:QQ2D5X,MSI-H,RET,NCOA4,chr10,43610417,chr10,43610417,chr10,51587071,chr10,51587073,0,2
XRN:42UDWY,MSI-H,RET,TRIM24,chr10,43610534,chr10,43610539,chr7,138257733,chr7,138257728,5,5
XRN:57B78K,MSI-H,RET,CCDC6,chr10,43610544,chr10,43610522,chr10,61553278,chr10,61553257,22,21
XRN:AVWPRE,MSI-H,RET,NCOA4,chr10,43610574,chr10,43610576,chr10,51586684,chr10,51586681,2,3
XRN:6DV775,MSI-H,RET,NCOA4,chr10,43610583,chr10,43610496,chr10,51585979,chr10,51585987,87,8
XRN:3ML9GP,MSI-H,RET,NCOA4,chr10,43610623,chr10,43610637,chr10,51587897,chr10,51587898,14,1
XRN:VXJB0J,MSI-H,RET,NCOA4,chr10,43610785,chr10,43610793,chr10,51586143,chr10,51586888,8,745
XRN:AA8WCL,MSI-H,RET,NCOA4,chr10,43610894,chr10,43610895,chr10,51587977,chr10,51587971,1,6
XRN:GHG6TP,MSI-H,RET,NCOA4,chr10,43611162,chr10,43611174,chr10,51586490,chr10,51586509,12,19
XRN:FH3GP5,MSI-H,RET,NCOA4,chr10,43611177,chr10,43611178,chr10,51586958,chr10,51586967,1,9
XRN:THRQJ0,MSI-H,RET,NCOA4,chr10,43611365,chr10,43611366,chr10,51588044,chr10,51588042,1,2
XRN:1D8N0Q,MSI-H,RET,TNIP2,chr10,43611748,chr10,43611771,chr4,2745572,chr4,2745793,23,221
XRN:2XTWRJ,MSI-H,RET,NCOA4,chr10,43611947,chr10,43608863,chr10,51587848,chr10,51588196,3084,348
XRN:RQ15WB,MSI-H,NTRK3,ETV6,chr15,88494645,chr15,88494657,chr12,12031390,chr12,12031378,12,12
XRN:VKLN7D,MSI-H,NTRK3,ETV6,chr15,88509783,chr15,88509783,chr12,12030400,chr12,12030404,0,4
XRN:AFEKSM,MSI-H,ALK,EML4,chr2,29446430,chr2,29446433,chr2,42505497,chr2,42505493,3,4
XRN:C799VQ,MSI-H,ALK,EML4,chr2,29447435,chr2,29447436,chr2,42485820,chr2,42485821,1,1
XRN:MYB0YJ,MSI-H,BRAF,TRIM24,chr7,140484104,chr7,140484105,chr7,138258577,chr7,138258588,1,11
XRN:W4CY34,MSI-H,BRAF,GKAP1,chr7,140484954,chr7,140484966,chr9,86360064,chr9,86360067,12,3
XRN:S07AVV,MSI-H,BRAF,AGAP3,chr7,140486035,chr7,140486040,chr7,150839047,chr7,150839052,5,5
XRN:ET03R0,MSI-H,BRAF,CUL1,chr7,140488373,chr7,140488381,chr7,148458081,chr7,148458098,8,17
XRN:EA7U2V,MSI-H,BRAF,TRIM24,chr7,140490027,chr7,140490030,chr7,138253347,chr7,138253374,3,27
XRN:YEEKB3,MSI-H,BRAF,TRIM24,chr7,140490030,chr7,140490030,chr7,138220729,chr7,138220730,0,1
XRN:DLU61G,MSI-H,BRAF,TRIM24,chr7,140490799,chr7,140490799,chr7,138255242,chr7,138255241,0,1
XRN:KBUBTB,MSI-H,BRAF,TRIM24,chr7,140491155,chr7,140491156,chr7,138254783,chr7,138254778,1,5
XRN:4EN8DE,MSI-H,BRAF,AKAP9,chr7,140491457,chr7,140491458,chr7,91634599,chr7,91634596,1,3
XRN:8XETE1,MSS,NTRK1,TPM3,chr1,156844011,chr1,156844012,chr1,154137704,chr1,154137701,1,3
XRN:G7LQYR,MSS,NTRK1,PLEKHA6,chr1,156844031,chr1,156844032,chr1,204196416,chr1,204196418,1,2
XRN:NR9J8U,MSS,NTRK1,TPM3,chr1,156844253,chr1,156844253,chr1,154133379,chr1,154133381,0,2
XRN:428GM9,MSS,NTRK1,TPR,chr1,156844771,chr1,156844773,chr1,186304203,chr1,186304205,2,2
XRN:A28X99,MSS,RET,CCDC6,chr10,43609250,chr10,43609249,chr10,61657209,chr10,61657175,1,34
XRN:U357JU,MSS,RET,CCDC6,chr10,43609741,chr10,43609747,chr10,61612678,chr10,61612672,6,6
XRN:MS799N,MSS,RET,NCOA4,chr10,43610027,chr10,43610030,chr10,51588997,chr10,51588997,3,0
XRN:QKN838,MSS,RET,NCOA4,chr10,43610195,chr10,43607759,chr10,51585727,chr10,51585489,2436,238
XRN:DMKBRB,MSS,RET,NCOA4,chr10,43610350,chr10,43607755,chr10,51587762,chr10,51587497,2595,265
XRN:JRV3T9,MSS,RET,NCOA4,chr10,43610408,chr10,43610409,chr10,51588494,chr10,51588492,1,2
XRN:9DPF9T,MSS,RET,NCOA4,chr10,43610475,chr10,43610486,chr10,51585804,chr10,51585793,11,11
XRN:HLENET,MSS,RET,NCOA4,chr10,43610537,chr10,43608252,chr10,51586445,chr10,51587030,2285,585
XRN:53WHCR,MSS,RET,NCOA4,chr10,43610775,chr10,43607755,chr10,51589217,chr10,51588912,3020,305
XRN:59QVSG,MSS,RET,NCOA4,chr10,43611015,chr10,43611016,chr10,51587215,chr10,51587220,1,5
XRN:NU0SRH,MSS,RET,NCOA4,chr10,43611107,chr10,43607759,chr10,51587131,chr10,51586810,3348,321
XRN:6SR1AR,MSS,RET,NCOA4,chr10,43611116,chr10,43611116,chr10,51587473,chr10,51587468,0,5
XRN:GSAWPW,MSS,RET,NCOA4,chr10,43611329,chr10,43611335,chr10,51589134,chr10,51589135,6,1
XRN:TS3VWU,MSS,RET,NCOA4,chr10,43611753,chr10,43611755,chr10,51585156,chr10,51585159,2,3
XRN:G6YP9J,MSS,RET,NCOA4,chr10,43611836,chr10,43611841,chr10,51587158,chr10,51587163,5,5
XRN:XH8KQB,MSS,RET,NCOA4,chr10,43611896,chr10,43611896,chr10,51588473,chr10,51588470,0,3
XRN:RAA3EN,MSS,ALK,STRN,chr2,29446439,chr2,29446441,chr2,37134327,chr2,37134333,2,6
XRN:6E0D11,MSS,ALK,EML4,chr2,29446554,chr2,29446554,chr2,42554900,chr2,42554899,0,1
XRN:4V2TEA,MSS,ALK,EML4,chr2,29447430,chr2,29447434,chr2,42527824,chr2,42527837,4,13
XRN:KA2GW3,MSS,ALK,EML4,chr2,29447818,chr2,29447827,chr2,42555719,chr2,42555729,9,10
XRN:MCA66B,MSS,ALK,DIAPH2,chr2,29447894,chr2,29447897,chrX,96266542,chrX,96266542,3,0
XRN:7HF6BE,MSS,ALK,CAD,chr2,29448026,chr2,29448056,chr2,27463617,chr2,27463640,30,23
XRN:64EVGN,MSS,ALK,CAD,chr2,29448174,chr2,29448173,chr2,27463650,chr2,27463649,1,1
XRN:W0CC3K,MSS,BRAF,CSNK1A1,chr7,140481482,chr7,140481488,chr5,148880754,chr5,148880764,6,10
XRN:RNMGQX,MSS,BRAF,LMTK2,chr7,140482925,chr7,140482928,chr7,97769579,chr7,97769574,3,5
XRN:5LFW72,MSS,BRAF,TRIM24,chr7,140485395,chr7,140486445,chr7,138202960,chr7,138202997,1050,37
XRN:J1VSPQ,MSS,BRAF,GTF2IRD1,chr7,140485583,chr7,140485584,chr7,73992396,chr7,73992397,1,1
XRN:C1AUPU,MSS,BRAF,TRIM24,chr7,140487702,chr7,140487135,chr7,138242368,chr7,138242159,567,209
XRN:A5ESV1,MSS,BRAF,TRIM24,chr7,140487800,chr7,140487801,chr7,138266421,chr7,138266421,1,0
XRN:T4CE6S,MSS,BRAF,TRIM24,chr7,140489184,chr7,140489184,chr7,138253108,chr7,138253110,0,2
XRN:F39T63,MSS,BRAF,TRIM24,chr7,140490113,chr7,140490112,chr7,138254841,chr7,138254840,1,1
XRN:8NEXPN,MSS,BRAF,TRIM24,chr7,140491271,chr7,140491271,chr7,138250341,chr7,138250344,0,3
XRN:MPCYS0,MSS,BRAF,ANO10,chr7,140492684,chr7,140492689,chr3,43456137,chr3,43456119,5,18
XRN:VGD7DC,MSS,BRAF,TRIM24,chr7,140494046,chr7,140494046,chr7,138242067,chr7,138242070,0,3
XRN:3GJLL5,MSS,EGFR,2020-09-14 00:00:00,chr7,55269675,chr7,55269676,chr7,55896760,chr7,55896775,1,15
XRN:NQJ1G5,MSS,EGFR,2020-09-14 00:00:00,chr7,55269675,chr7,55269676,chr7,55870554,chr7,55870573,1,19
XRN:CFTDTX,MSS,BRAF,TMEM44,chr7,140482553,chr7,140482546,chr3,194325738,chr3,194325733,7,5
